2026-10-08	dc3b059+	baseline	0.84	503	78	11.30	295	14
2026-10-08	dc3b059+	corner shaping 1	1.11	527	98	11.91	284	28
2026-10-08	dc3b059+	corner shaping 0.5	0.99	478	110	11.81	286	12
2026-10-08	dc3b059+	form/incident file/live news (final)	0.84	503	78	11.30	295	14
2026-10-08	dc3b059+	with day form (as on the server)	1.01	474	122	12.29	285	32
2026-10-08	dc3b059+	day form half	1.11	484	112	11.11	283	8
2026-10-08	dc3b059+	baseline	0.84	503	78	11.30	295	14
2026-10-08	dc3b059+	day form	1.01	474	122	12.29	285	32
2026-10-08	dc3b059+	baseline (seeds +100)	1.05	461	102	12.04	289	16
2026-10-08	dc3b059+	day form (seeds +100)	1.38	475	120	14.98	304	28
2026-10-09	7b053ae+	grid heading fix	0.97	481	78	11.11	276	8
